{
  "version": "1.0",
  "resources": [
    {
      "resource": "asset",
      "metadata": {
        "name": {
          "defaultValue": "url_exchange_servidor_impessoal",
          "isExpression": false
        },
        "folderPath": {
          "defaultValue": "Default",
          "isExpression": false
        }
      }
    },
    {
      "resource": "asset",
      "metadata": {
        "name": {
          "defaultValue": "rpa_0710_emczda",
          "isExpression": false
        },
        "folderPath": {
          "isExpression": true
        }
      }
    },
    {
      "resource": "asset",
      "metadata": {
        "name": {
          "defaultValue": "rpa_consatendimento",
          "isExpression": false
        },
        "folderPath": {
          "isExpression": true
        }
      }
    },
    {
      "resource": "asset",
      "metadata": {
        "name": {
          "defaultValue": "ResrvaCotas_SomenteMedia",
          "isExpression": false
        },
        "folderPath": {
          "isExpression": true
        }
      }
    },
    {
      "resource": "asset",
      "metadata": {
        "name": {
          "defaultValue": "url_exchange_servidor_impessoal",
          "isExpression": false
        },
        "folderPath": {
          "defaultValue": "Default",
          "isExpression": false
        }
      }
    },
    {
      "resource": "asset",
      "metadata": {
        "name": {
          "defaultValue": "rpa_0710_emczda",
          "isExpression": false
        },
        "folderPath": {
          "isExpression": true
        }
      }
    },
    {
      "resource": "asset",
      "metadata": {
        "name": {
          "defaultValue": "rpa_consatendimento",
          "isExpression": false
        },
        "folderPath": {
          "isExpression": true
        }
      }
    },
    {
      "resource": "asset",
      "metadata": {
        "name": {
          "defaultValue": "ResrvaCotas_SomenteMedia",
          "isExpression": false
        },
        "folderPath": {
          "isExpression": true
        }
      }
    }
  ]
}