{"ProjectWatches":"{\"Value\":[]}","OpenedDocuments":"[\"Main.xaml\"]","ProjectBreakpoints":"{\"Value\":{\"Main.xaml\":[{\"ConditionalExpression\":null,\"ActionExpression\":null,\"ExpectedHitCounter\":null,\"ShouldContinueAfterAction\":false,\"IsTransient\":false,\"IsEnabled\":true,\"Id\":\"f29e63eb-516e-4995-824a-fbc3755c91ce\",\"ActivityIdRef\":\"Sequence_41\",\"ActivityId\":\"1.1176\",\"ActivityName\":\"Dir's\"},{\"ConditionalExpression\":null,\"ActionExpression\":null,\"ExpectedHitCounter\":null,\"ShouldContinueAfterAction\":false,\"IsTransient\":false,\"IsEnabled\":true,\"Id\":\"ae41bde9-b2c7-4753-9cc4-bee19d88de76\",\"ActivityIdRef\":\"Sequence_39\",\"ActivityId\":\"1.47\",\"ActivityName\":\"SIAC\"},{\"ConditionalExpression\":null,\"ActionExpression\":null,\"ExpectedHitCounter\":null,\"ShouldContinueAfterAction\":false,\"IsTransient\":false,\"IsEnabled\":true,\"Id\":\"8e79fb8e-d20e-4c29-a316-154f98cf5b39\",\"ActivityIdRef\":\"Sequence_61\",\"ActivityId\":\"1.1007\",\"ActivityName\":\"Ler Planilha\"},{\"ConditionalExpression\":null,\"ActionExpression\":null,\"ExpectedHitCounter\":null,\"ShouldContinueAfterAction\":false,\"IsTransient\":false,\"IsEnabled\":true,\"Id\":\"7a775580-7834-42b1-9b47-0f5d5f7d3706\",\"ActivityIdRef\":\"TryCatch_4\",\"ActivityId\":\"1.1133\",\"ActivityName\":\"Try Catch planilhaFiscal\"},{\"ConditionalExpression\":null,\"ActionExpression\":null,\"ExpectedHitCounter\":null,\"ShouldContinueAfterAction\":false,\"IsTransient\":false,\"IsEnabled\":true,\"Id\":\"ae716b3a-5628-4323-9e2f-5c00f48311ae\",\"ActivityIdRef\":\"SendHotkey_3\",\"ActivityId\":\"1.349\",\"ActivityName\":\"Send Hotkey\"}]}}"}