{
  "version": "2.0",
  "resources": [
    {
      "resource": "asset",
      "value": {
        "folderPath": {
          "isExpression": true
        },
        "name": {
          "defaultValue": "str_credencialLegado",
          "isExpression": true
        }
      },
      "metadata": {}
    },
    {
      "resource": "asset",
      "value": {
        "folderPath": {
          "isExpression": true
        },
        "name": {
          "defaultValue": "str_credencialSWA",
          "isExpression": true
        }
      },
      "metadata": {}
    },
    {
      "resource": "asset",
      "value": {
        "folderPath": {
          "defaultValue": "Default",
          "isExpression": false
        },
        "name": {
          "defaultValue": "Servidor SMTP",
          "isExpression": false
        }
      },
      "metadata": {}
    }
  ]
}