{
  "version": "1.0",
  "resources": [
    {
      "resource": "asset",
      "metadata": {
        "folderPath": {
          "isExpression": true
        },
        "name": {
          "defaultValue": "str_credencialLegado",
          "isExpression": true
        }
      }
    },
    {
      "resource": "asset",
      "metadata": {
        "folderPath": {
          "isExpression": true
        },
        "name": {
          "defaultValue": "str_credencialSWA",
          "isExpression": true
        }
      }
    },
    {
      "resource": "asset",
      "metadata": {
        "folderPath": {
          "defaultValue": "Default",
          "isExpression": false
        },
        "name": {
          "defaultValue": "Servidor SMTP",
          "isExpression": false
        }
      }
    }
  ]
}